Repository,Date,Stars
GenericMappingTools/GMT.jl,Wed Feb 24 2016 04:55:51 GMT+0100 (Mitteleuropäische Normalzeit),0
GenericMappingTools/GMT.jl,Thu Feb 25 2016 04:55:51 GMT+0100 (Mitteleuropäische Normalzeit),1
GenericMappingTools/GMT.jl,Mon May 14 2018 22:45:09 GMT+0200 (Mitteleuropäische Sommerzeit),15
GenericMappingTools/GMT.jl,Tue Dec 25 2018 09:59:20 GMT+0100 (Mitteleuropäische Normalzeit),29
GenericMappingTools/GMT.jl,Thu Sep 05 2019 22:51:52 GMT+0200 (Mitteleuropäische Sommerzeit),43
GenericMappingTools/GMT.jl,Thu Feb 06 2020 08:02:08 GMT+0100 (Mitteleuropäische Normalzeit),57
GenericMappingTools/GMT.jl,Sat Jul 25 2020 01:53:54 GMT+0200 (Mitteleuropäische Sommerzeit),71
GenericMappingTools/GMT.jl,Sun Feb 07 2021 20:42:01 GMT+0100 (Mitteleuropäische Normalzeit),85
GenericMappingTools/GMT.jl,Wed Jul 21 2021 04:32:12 GMT+0200 (Mitteleuropäische Sommerzeit),99
GenericMappingTools/GMT.jl,Thu Nov 11 2021 04:12:13 GMT+0100 (Mitteleuropäische Normalzeit),113
GenericMappingTools/GMT.jl,Tue Feb 01 2022 10:40:01 GMT+0100 (Mitteleuropäische Normalzeit),127
GenericMappingTools/GMT.jl,Thu Sep 29 2022 21:50:54 GMT+0200 (Mitteleuropäische Sommerzeit),141
GenericMappingTools/GMT.jl,Thu Jun 08 2023 10:43:42 GMT+0200 (Mitteleuropäische Sommerzeit),155
GenericMappingTools/GMT.jl,Mon Nov 13 2023 05:20:11 GMT+0100 (Mitteleuropäische Normalzeit),169
GenericMappingTools/GMT.jl,Sat Mar 23 2024 08:08:10 GMT+0100 (Mitteleuropäische Normalzeit),183
GenericMappingTools/GMT.jl,Thu Jan 09 2025 15:59:08 GMT+0100 (Mitteleuropäische Normalzeit),197
GenericMappingTools/GMT.jl,Thu Oct 16 2025 02:36:49 GMT+0200 (Mitteleuropäische Sommerzeit),211
GenericMappingTools/GMT.jl,Fri Oct 17 2025 14:44:33 GMT+0200 (Mitteleuropäische Sommerzeit),211
